{
  "input_shapes": [
    [
      70
    ]
  ],
  "input_data": [
    [
      0.08057434856891632,
      0.07268108427524567,
      0.0021871805656701326,
      0.016553545370697975,
      0.06628129631280899,
      0.03703029826283455,
      0.06461551040410995,
      0.05888575315475464,
      0.013277828693389893,
      0.022684508934617043,
      0.0068634869530797005,
      0.09130578488111496,
      0.0020423890091478825,
      0.07571887969970703,
      0.0744633674621582,
      0.002865731716156006,
      0.08181196451187134,
      0.07524221390485764,
      0.05538759380578995,
      0.014640718698501587,
      0.04254192113876343,
      0.025815177708864212,
      0.05914723500609398,
      0.049689460545778275,
      0.08805084973573685,
      0.018580758944153786,
      0.023987436667084694,
      0.023015445098280907,
      0.05116007477045059,
      0.05309600755572319,
      0.007879060693085194,
      0.03751959279179573,
      0.003775531193241477,
      0.023797614499926567,
      0.009150165133178234,
      0.03574414178729057,
      0.01686282828450203,
      0.0955130085349083,
      0.012025642208755016,
      0.09722074866294861,
      0.038152553141117096,
      0.007633471395820379,
      0.045691609382629395,
      0.03212929517030716,
      0.024186396971344948,
      0.027818268164992332,
      0.0866561233997345,
      0.08227650821208954,
      0.016296762973070145,
      0.007675790693610907,
      0.04094365984201431,
      0.03202253207564354,
      0.05539003014564514,
      0.06174466013908386,
      0.0864517018198967,
      0.03467830643057823,
      0.025792712345719337,
      0.01608535647392273,
      0.009259367361664772,
      0.051723577082157135,
      0.01658080890774727,
      0.08353559672832489,
      0.030631303787231445,
      0.020007455721497536,
      0.05920122191309929,
      0.02063228003680706,
      0.056190576404333115,
      0.07437171787023544,
      0.012965303845703602,
      0.08438532799482346
    ]
  ],
  "output_data": [
    [
      0.5043134689331055
    ]
  ]
}
